{
    "E-n101-k14": {
        "name": "E-n101-k14",
        "optimal": 1067,
        "time": 30.001024422000228,
        "cost": 1102.8098787514539,
        "routes": [
            [
                60,
                84,
                17,
                86,
                16,
                44,
                91,
                100,
                37,
                92
            ],
            [
                26,
                54,
                24,
                29,
                68,
                80,
                12
            ],
            [
                28,
                76,
                77,
                3,
                81,
                33,
                50
            ],
            [
                97,
                87,
                42,
                14,
                38,
                43,
                15,
                57,
                2
            ],
            [
                83,
                45,
                8,
                46,
                36,
                49,
                64,
                11,
                19
            ],
            [
                79,
                78,
                34,
                35,
                65,
                71,
                9,
                51
            ],
            [
                93,
                98,
                85,
                61,
                5
            ],
            [
                7,
                48,
                47,
                82,
                18,
                89
            ],
            [
                27,
                31,
                10,
                62,
                88,
                52
            ],
            [
                4,
                39,
                23,
                67,
                25,
                55
            ],
            [
                53,
                58,
                13
            ],
            [
                69,
                70,
                90,
                63,
                32,
                66,
                20,
                30,
                1
            ],
            [
                21,
                72,
                56,
                75,
                41,
                22,
                74,
                73,
                40
            ],
            [
                6,
                96,
                99,
                59,
                95,
                94
            ],
            []
        ]
    },
    "E-n101-k8": {
        "name": "E-n101-k8",
        "optimal": 815,
        "time": 30.000895727999705,
        "cost": 829.9737196053828,
        "routes": [
            [
                26,
                54,
                55,
                25,
                39,
                67,
                23,
                56,
                4
            ],
            [
                76,
                77,
                3,
                79,
                78,
                34,
                29,
                24,
                68,
                80,
                12,
                28
            ],
            [
                6,
                96,
                99,
                61,
                16,
                86,
                38,
                14,
                44,
                91,
                100,
                37,
                92,
                95
            ],
            [
                53,
                40,
                21,
                73,
                72,
                74,
                75,
                22,
                41,
                15,
                43,
                42,
                57,
                2,
                58
            ],
            [
                89,
                18,
                83,
                60,
                5,
                84,
                17,
                45,
                8,
                46,
                36,
                47,
                48,
                82,
                7,
                52
            ],
            [
                69,
                1,
                70,
                30,
                20,
                66,
                65,
                71,
                35,
                9,
                51,
                81,
                33,
                50
            ],
            [
                88,
                62,
                11,
                19,
                49,
                64,
                63,
                90,
                32,
                10,
                31,
                27
            ],
            [
                13,
                87,
                97,
                98,
                85,
                93,
                59,
                94
            ]
        ]
    },
    "E-n13-k4": {
        "name": "E-n13-k4",
        "optimal": 247,
        "time": 0.7831877010003154,
        "cost": 290.0,
        "routes": [
            [
                1,
                2,
                3,
                4
            ],
            [
                6,
                8,
                9
            ],
            [
                5
            ],
            [
                7,
                10,
                11,
                12
            ]
        ]
    },
    "E-n22-k4": {
        "name": "E-n22-k4",
        "optimal": 375,
        "time": 1.5839956290001282,
        "cost": 375.2797871480125,
        "routes": [
            [
                12,
                15,
                18,
                20,
                17
            ],
            [
                14,
                21,
                19,
                16
            ],
            [
                13,
                11,
                4,
                3,
                8,
                10
            ],
            [
                6,
                1,
                2,
                5,
                7,
                9
            ],
            []
        ]
    },
    "E-n23-k3": {
        "name": "E-n23-k3",
        "optimal": 569,
        "time": 2.1142621160006456,
        "cost": 568.5625010705219,
        "routes": [
            [
                12,
                11,
                6,
                1,
                2,
                3,
                16,
                15,
                14,
                17,
                22,
                20,
                19,
                18
            ],
            [
                13,
                10
            ],
            [
                7,
                9,
                8,
                5,
                4,
                21
            ],
            []
        ]
    },
    "E-n30-k3": {
        "name": "E-n30-k3",
        "optimal": 534,
        "time": 3.0365017169997373,
        "cost": 505.01107914553756,
        "routes": [
            [
                15,
                16,
                13,
                7,
                17,
                9,
                14,
                8,
                12,
                11,
                10,
                23,
                18
            ],
            [
                22,
                2,
                5,
                4,
                3,
                20
            ],
            [
                26,
                28,
                27,
                29,
                25,
                24,
                1,
                6,
                19
            ],
            [
                21
            ]
        ]
    },
    "E-n33-k4": {
        "name": "E-n33-k4",
        "optimal": 835,
        "time": 5.326098268000351,
        "cost": 837.6715519725763,